{"class":"PointLight","persistentId":"122fa00c-4c80-4132-bcc5-2a8ca4837637","__parent":"cityDrainage","position":[-639.690369,241.709229,112.927673],"attenuationRatio":[0,1,0],"brightness":0.300000012,"color":[0.996078014,0.772548974,0.525489986,2],"flareScale":0,"radius":3.5,"rotationMatrix":[-0.498536915,0.866868556,2.66481948e-10,-0.866868258,-0.498536736,-0.000690533314,-0.000598601473,-0.000344256579,0.999999762],"shadowDarkenColor":[0,0,0,0],"shadowDistance":3}
{"class":"PointLight","persistentId":"9afa0f88-2b82-4992-8406-a8259426ab93","__parent":"cityDrainage","position":[-642.279602,211.119049,109.439941],"attenuationRatio":[0,1,0],"brightness":0.300000012,"color":[0.996078014,0.772548974,0.525489986,2],"flareScale":0,"radius":3.5,"rotationMatrix":[-0.498536915,0.866868556,2.66481948e-10,-0.866868258,-0.498536736,-0.000690533314,-0.000598601473,-0.000344256579,0.999999762],"shadowDarkenColor":[0,0,0,0],"shadowDistance":3}
{"class":"PointLight","persistentId":"fc70117d-c754-46ba-92e5-4edef19c1181","__parent":"cityDrainage","position":[-621.234131,189.255508,105.029099],"attenuationRatio":[0,1,0],"brightness":0.300000012,"color":[0.996078014,0.772548974,0.525489986,2],"flareScale":0,"radius":3.5,"rotationMatrix":[-0.498536915,0.866868556,2.66481948e-10,-0.866868258,-0.498536736,-0.000690533314,-0.000598601473,-0.000344256579,0.999999762],"shadowDarkenColor":[0,0,0,0],"shadowDistance":3}
{"class":"PointLight","persistentId":"191e2b9f-80f1-415b-b66a-edebb82024bf","__parent":"cityDrainage","position":[-589.586731,184.964523,101.72155],"attenuationRatio":[0,1,0],"brightness":0.300000012,"color":[0.996078014,0.772548974,0.525489986,2],"flareScale":0,"radius":3.5,"rotationMatrix":[-0.498536915,0.866868556,2.66481948e-10,-0.866868258,-0.498536736,-0.000690533314,-0.000598601473,-0.000344256579,0.999999762],"shadowDarkenColor":[0,0,0,0],"shadowDistance":3}
{"class":"PointLight","persistentId":"4177ed3e-67fa-4c5f-ba27-d98f9a822126","__parent":"cityDrainage","position":[-559.579041,174.060349,99.1541901],"attenuationRatio":[0,1,0],"brightness":0.300000012,"color":[0.996078014,0.772548974,0.525489986,2],"flareScale":0,"radius":3.5,"rotationMatrix":[-0.498536915,0.866868556,2.66481948e-10,-0.866868258,-0.498536736,-0.000690533314,-0.000598601473,-0.000344256579,0.999999762],"shadowDarkenColor":[0,0,0,0],"shadowDistance":3}
{"class":"PointLight","persistentId":"3ab7145f-f8db-4987-83dc-4e000e1ef140","__parent":"cityDrainage","position":[-529.11676,167.382263,96.8384476],"attenuationRatio":[0,1,0],"brightness":0.300000012,"color":[0.996078014,0.772548974,0.525489986,2],"flareScale":0,"radius":3.5,"rotationMatrix":[-0.498536915,0.866868556,2.66481948e-10,-0.866868258,-0.498536736,-0.000690533314,-0.000598601473,-0.000344256579,0.999999762],"shadowDarkenColor":[0,0,0,0],"shadowDistance":3}
{"class":"PointLight","persistentId":"18cca36f-8afd-4581-9952-de42eb64aaf5","__parent":"cityDrainage","position":[-496.865967,172.235825,95.5378571],"attenuationRatio":[0,1,0],"brightness":0.300000012,"color":[0.996078014,0.772548974,0.525489986,2],"flareScale":0,"radius":3.5,"rotationMatrix":[-0.498536915,0.866868556,2.66481948e-10,-0.866868258,-0.498536736,-0.000690533314,-0.000598601473,-0.000344256579,0.999999762],"shadowDarkenColor":[0,0,0,0],"shadowDistance":3}
{"class":"PointLight","persistentId":"227c27cd-db55-40e6-a293-391d5e2ddff0","__parent":"cityDrainage","position":[-464.317932,172.446701,94.9872894],"attenuationRatio":[0,1,0],"brightness":0.300000012,"color":[0.996078014,0.772548974,0.525489986,2],"flareScale":0,"radius":3.5,"rotationMatrix":[-0.498536915,0.866868556,2.66481948e-10,-0.866868258,-0.498536736,-0.000690533314,-0.000598601473,-0.000344256579,0.999999762],"shadowDarkenColor":[0,0,0,0],"shadowDistance":3}
{"class":"PointLight","persistentId":"b290bec1-155d-4327-88dc-cb61045f2ccc","__parent":"cityDrainage","position":[-433.305115,179.998428,94.888176],"attenuationRatio":[0,1,0],"brightness":0.300000012,"color":[0.996078014,0.772548974,0.525489986,2],"flareScale":0,"radius":3.5,"rotationMatrix":[-0.498536915,0.866868556,2.66481948e-10,-0.866868258,-0.498536736,-0.000690533314,-0.000598601473,-0.000344256579,0.999999762],"shadowDarkenColor":[0,0,0,0],"shadowDistance":3}
{"class":"PointLight","persistentId":"27c56582-4f6e-477a-b407-1b51cf27edb6","__parent":"cityDrainage","position":[-402.261993,187.613861,94.4861145],"attenuationRatio":[0,1,0],"brightness":0.300000012,"color":[0.996078014,0.772548974,0.525489986,2],"flareScale":0,"radius":3.5,"rotationMatrix":[-0.498536915,0.866868556,2.66481948e-10,-0.866868258,-0.498536736,-0.000690533314,-0.000598601473,-0.000344256579,0.999999762],"shadowDarkenColor":[0,0,0,0],"shadowDistance":3}
{"class":"PointLight","persistentId":"32b12ca5-32a6-40c0-8076-88a8c0b58d1e","__parent":"cityDrainage","position":[-372.542542,174.820984,93.6337891],"attenuationRatio":[0,1,0],"brightness":0.300000012,"color":[0.996078014,0.772548974,0.525489986,2],"flareScale":0,"radius":3.5,"rotationMatrix":[-0.498536915,0.866868556,2.66481948e-10,-0.866868258,-0.498536736,-0.000690533314,-0.000598601473,-0.000344256579,0.999999762],"shadowDarkenColor":[0,0,0,0],"shadowDistance":3}
