{"name":"quarryFrontOfficeLight_1","class":"SpotLight","persistentId":"cbd506e8-a6b6-4da7-acad-1e70536195b2","__parent":"quarryFrontOfficeLightSources","position":[823.75415,-529.50177,169.054352],"animate":false,"brightness":3,"castShadows":true,"innerAngle":120,"isEnabled":false,"logWeight":0.985000014,"outerAngle":160,"overDarkFactor":[20000,10000,5000,100],"range":9,"rotationMatrix":[0.992200732,-0.124650463,-1.11758709e-08,1.11758709e-08,2.38418579e-07,-0.99999994,0.124650463,0.992200673,2.38418579e-07],"shadowDarkenColor":[0,0,0,0],"shadowDistance":10,"shadowSoftness":0.699999988,"texSize":1024}
{"name":"quarryFrontOfficeLight_2","class":"SpotLight","persistentId":"8229d358-087d-4def-99cc-27ad031ee59d","__parent":"quarryFrontOfficeLightSources","position":[820.915894,-529.50177,169.054352],"animate":false,"brightness":5,"castShadows":true,"innerAngle":120,"isEnabled":false,"logWeight":0.985000014,"outerAngle":160,"overDarkFactor":[20000,10000,5000,100],"range":7,"rotationMatrix":[0.992200732,-0.124650463,-1.11758709e-08,1.11758709e-08,2.38418579e-07,-0.99999994,0.124650463,0.992200673,2.38418579e-07],"shadowDarkenColor":[0,0,0,0],"shadowDistance":10,"shadowSoftness":0.75,"texSize":1024}
{"name":"quarryFrontOfficeLight_3","class":"SpotLight","persistentId":"d4fba6a7-98a3-4255-ab0e-41b1c11cecc8","__parent":"quarryFrontOfficeLightSources","position":[824.423279,-536.682678,169.160934],"animate":false,"brightness":5,"castShadows":true,"innerAngle":120,"isEnabled":false,"logWeight":0.985000014,"outerAngle":130,"overDarkFactor":[20000,10000,5000,100],"range":9,"rotationMatrix":[0.992200732,-0.124650463,-1.11758709e-08,1.11758709e-08,2.38418579e-07,-0.99999994,0.124650463,0.992200673,2.38418579e-07],"shadowDarkenColor":[0,0,0,0],"shadowDistance":20,"shadowSoftness":0.75,"texSize":1024}
{"name":"quarryFrontOfficeLight_4","class":"SpotLight","persistentId":"c324cc74-3af4-4434-a361-8a90882bb7a2","__parent":"quarryFrontOfficeLightSources","position":[824.423279,-541.929932,169.160934],"animate":false,"brightness":5,"castShadows":true,"innerAngle":120,"isEnabled":false,"logWeight":0.985000014,"outerAngle":130,"overDarkFactor":[20000,10000,5000,100],"range":9,"rotationMatrix":[0.992200732,-0.124650463,-1.11758709e-08,1.11758709e-08,2.38418579e-07,-0.99999994,0.124650463,0.992200673,2.38418579e-07],"shadowDarkenColor":[0,0,0,0],"shadowDistance":20,"shadowSoftness":0.75,"texSize":1024}
{"name":"quarryFrontOfficeLight_5","class":"SpotLight","persistentId":"84d165f3-d11c-43e4-ab40-194a3ee26b99","__parent":"quarryFrontOfficeLightSources","position":[824.423279,-545.404297,169.160934],"animate":false,"brightness":5,"castShadows":true,"innerAngle":120,"isEnabled":false,"logWeight":0.985000014,"outerAngle":130,"overDarkFactor":[20000,10000,5000,100],"range":9,"rotationMatrix":[0.992200732,-0.124650463,-1.11758709e-08,1.11758709e-08,2.38418579e-07,-0.99999994,0.124650463,0.992200673,2.38418579e-07],"shadowDarkenColor":[0,0,0,0],"shadowDistance":20,"shadowSoftness":0.75,"texSize":1024}
{"name":"quarryFrontOfficeLight_6","class":"SpotLight","persistentId":"c14810b3-c2de-4ed6-8316-2badd8e45dce","__parent":"quarryFrontOfficeLightSources","position":[824.423279,-549.808899,169.160934],"animate":false,"brightness":5,"castShadows":true,"innerAngle":120,"isEnabled":false,"logWeight":0.985000014,"outerAngle":130,"overDarkFactor":[20000,10000,5000,100],"range":9,"rotationMatrix":[0.992200732,-0.124650463,-1.11758709e-08,1.11758709e-08,2.38418579e-07,-0.99999994,0.124650463,0.992200673,2.38418579e-07],"shadowDarkenColor":[0,0,0,0],"shadowDistance":20,"shadowSoftness":0.75,"texSize":1024}
{"name":"quarrysideExteriorLight_5","class":"PointLight","persistentId":"6a237958-afc4-418f-b171-4c549925b059","__parent":"quarryFrontOfficeLightSources","position":[829.412598,-529.235107,168.487854],"animate":false,"brightness":0.5,"isEnabled":false,"radius":3,"rotationMatrix":[0.99999243,-0.00388592761,0,0.00388592761,0.99999243,0,0,0,1],"shadowDarkenColor":[0,0,0,0],"shadowType":"DualParaboloid"}
