{"name":"garageLight_1","class":"SpotLight","persistentId":"f0772948-cebc-4493-881d-7f8410b22883","__parent":"garageMainLightSources","position":[904.738037,-545.98761,168.685532],"animate":false,"brightness":1.20000005,"castShadows":true,"innerAngle":90,"isEnabled":false,"logWeight":0.985000014,"outerAngle":140,"overDarkFactor":[20000,10000,5000,100],"range":15,"rotationMatrix":[0.995305419,-0.0967841148,-3.7252903e-09,3.7252903e-09,1.1920929e-07,-0.99999994,0.0967841148,0.995305359,1.1920929e-07],"shadowDistance":10,"shadowSoftness":0.75,"texSize":1024}
{"name":"garageLight_2","class":"SpotLight","persistentId":"00319691-ff65-4950-b979-a51739c9deac","__parent":"garageMainLightSources","position":[909.944336,-546.542725,168.685532],"animate":false,"brightness":1.20000005,"castShadows":true,"innerAngle":90,"isEnabled":false,"logWeight":0.985000014,"outerAngle":140,"overDarkFactor":[20000,10000,5000,100],"range":15,"rotationMatrix":[0.992200732,-0.124650463,-1.11758709e-08,1.11758709e-08,2.38418579e-07,-0.99999994,0.124650463,0.992200673,2.38418579e-07],"shadowDarkenColor":[0,0,0,0],"shadowDistance":10,"shadowSoftness":0.75,"texSize":1024}
{"name":"garageLight_3","class":"SpotLight","persistentId":"4d00b6bc-57b9-4ff4-ae65-9170e5418a84","__parent":"garageMainLightSources","position":[914.952332,-547.175659,168.685532],"animate":false,"animationType":"SpinLightAnim","brightness":1.20000005,"castShadows":true,"innerAngle":90,"isEnabled":false,"logWeight":0.985000014,"outerAngle":140,"overDarkFactor":[20000,10000,5000,100],"range":15,"rotationMatrix":[1,0,0,0,-1.1920929e-07,-0.999999821,0,0.999999821,-1.1920929e-07],"shadowDarkenColor":[0,0,0,0],"shadowDistance":10,"shadowSoftness":0.75,"texSize":1024}
{"name":"garageLight_4","class":"SpotLight","persistentId":"c8f2e533-01f1-4c8d-91f1-481ef768350d","__parent":"garageMainLightSources","position":[915.989929,-538.824219,168.685532],"animate":false,"brightness":1.20000005,"castShadows":true,"innerAngle":90,"isEnabled":false,"logWeight":0.985000014,"outerAngle":140,"overDarkFactor":[20000,10000,5000,100],"range":15,"rotationMatrix":[1,0,0,0,-1.1920929e-07,-0.999999821,0,0.999999821,-1.1920929e-07],"shadowDarkenColor":[0,0,0,0],"shadowDistance":10,"shadowSoftness":0.75,"texSize":1024}
{"name":"garageLight_5","class":"SpotLight","persistentId":"cea277d5-58ce-46dc-a81e-ee033361210f","__parent":"garageMainLightSources","position":[911.083313,-538.040833,168.685532],"animate":false,"brightness":1.20000005,"castShadows":true,"innerAngle":90,"isEnabled":false,"logWeight":0.985000014,"outerAngle":140,"overDarkFactor":[20000,10000,5000,100],"range":15,"rotationMatrix":[1,0,0,0,-1.1920929e-07,-0.999999821,0,0.999999821,-1.1920929e-07],"shadowDarkenColor":[0,0,0,0],"shadowDistance":10,"shadowSoftness":0.75,"texSize":1024}
{"name":"garageLight_6","class":"SpotLight","persistentId":"28a50b61-bfbf-490b-9bf1-a7c9ce7e959f","__parent":"garageMainLightSources","position":[905.772339,-541.681458,166.243317],"animate":false,"brightness":3,"castShadows":true,"innerAngle":30,"isEnabled":false,"logWeight":0.985000014,"outerAngle":120,"overDarkFactor":[20000,10000,5000,100],"range":3.25,"rotationMatrix":[1,0,0,0,0.875887215,-0.482515812,0,0.482515812,0.875887215],"shadowDarkenColor":[0,0,0,0],"shadowDistance":10,"shadowSoftness":0.75,"texSize":256}
{"name":"garageLight_7","class":"SpotLight","persistentId":"15d685d0-4712-480a-9f1b-9fa1f5e49127","__parent":"garageMainLightSources","position":[903.375061,-541.498108,166.103775],"animate":false,"brightness":3,"castShadows":true,"innerAngle":30,"isEnabled":false,"logWeight":0.985000014,"outerAngle":120,"overDarkFactor":[20000,10000,5000,100],"range":3.25,"rotationMatrix":[1,0,0,0,0.888453841,-0.458965927,0,0.458965927,0.888453841],"shadowDarkenColor":[0,0,0,0],"shadowDistance":10,"shadowSoftness":0.75,"texSize":256}
{"name":"garageLight_8","class":"SpotLight","persistentId":"3e1e30dc-673e-4d10-bdab-491638e9eb24","__parent":"garageMainLightSources","position":[906.351562,-540.997375,166.458237],"animate":false,"brightness":2,"castShadows":true,"innerAngle":80,"isEnabled":false,"logWeight":0.985000014,"outerAngle":120,"overDarkFactor":[20000,10000,5000,100],"range":8,"rotationMatrix":[1,0,0,0,-0.799089313,-0.601213396,0,0.601213396,-0.799089313],"shadowDarkenColor":[0,0,0,0],"shadowDistance":10,"shadowSoftness":0.75,"texSize":1024}
{"name":"garageLight_9","class":"SpotLight","persistentId":"7f287b46-d9eb-4316-83bb-98269778948d","__parent":"garageMainLightSources","position":[902.714844,-540.717773,166.495575],"animate":false,"brightness":2,"castShadows":true,"innerAngle":80,"isEnabled":false,"logWeight":0.985000014,"outerAngle":120,"overDarkFactor":[20000,10000,5000,100],"range":8,"rotationMatrix":[1,0,0,0,-0.782757282,-0.622327268,0,0.622327268,-0.782757282],"shadowDarkenColor":[0,0,0,0],"shadowDistance":10,"shadowSoftness":0.75,"texSize":1024}
{"name":"garageLight_10","class":"SpotLight","persistentId":"0bab8c91-3cd3-4b96-8157-9317d4d7eeaa","__parent":"garageMainLightSources","position":[916.374207,-547.175659,159.115845],"animate":false,"animationType":"SpinLightAnim","brightness":0.100000001,"innerAngle":120,"isEnabled":false,"logWeight":0.985000014,"outerAngle":140,"overDarkFactor":[20000,10000,5000,100],"range":15,"rotationMatrix":[1,-3.26487104e-08,1.77475474e-08,1.77475457e-08,5.96046448e-08,-0.999999881,3.2648714e-08,0.999999881,5.96046448e-08],"shadowDarkenColor":[0,0,0,0],"shadowDistance":10,"shadowSoftness":0.75,"texSize":1024}
{"name":"garageLight_11","class":"SpotLight","persistentId":"a64f7278-56c8-4167-b9ab-b7f2b238621d","__parent":"garageMainLightSources","position":[910.568909,-547.175659,157.560318],"animate":false,"animationType":"SpinLightAnim","brightness":0.100000001,"innerAngle":120,"isEnabled":false,"logWeight":0.985000014,"outerAngle":140,"overDarkFactor":[20000,10000,5000,100],"range":15,"rotationMatrix":[-1.00000048,-1.20548762e-08,-2.35572301e-07,-2.35572315e-07,1.78813934e-07,1.00000024,-1.20547696e-08,1.00000024,-5.96046448e-07],"shadowDarkenColor":[0,0,0,0],"shadowDistance":10,"shadowSoftness":0.75,"texSize":1024}
{"name":"garageLight_12","class":"SpotLight","persistentId":"9b816094-864b-486b-afdf-55bb7ce6d163","__parent":"garageMainLightSources","position":[916.374207,-536.97467,159.115845],"animate":false,"animationType":"SpinLightAnim","brightness":0.100000001,"innerAngle":120,"isEnabled":false,"logWeight":0.985000014,"outerAngle":140,"overDarkFactor":[20000,10000,5000,100],"range":15,"rotationMatrix":[-1.00000048,-1.20548762e-08,-2.35572301e-07,-2.35572315e-07,1.78813934e-07,1.00000024,-1.20547696e-08,1.00000024,-5.96046448e-07],"shadowDarkenColor":[0,0,0,0],"shadowDistance":10,"shadowSoftness":0.75,"texSize":1024}
