{"class":"PointLight","persistentId":"c25fea52-a91d-44e5-8145-fccc81f2a08c","__parent":"Light","position":[-560.232727,736.541626,38.0876999],"animationPeriod":8,"animationPhase":5,"animationType":"FlickerLightAnim","brightness":0.5,"castShadows":true,"color":[0.996078014,0.898038983,0.698038995,0.00800000038],"radius":3,"shadowDarkenColor":[0,0,0,0],"shadowSoftness":1}
